state,strata,pop_at_risk,par_se,delta_o3,do3_se,n_smoky,yo,yo_se,beta,beta_se
alabama,black,59219.838319105096,4401.8924989731195,6.168036540793379,0.855377499605896,32.42857142857143,0.152,0.021,0.0095,0.004
arkansas,black,23834.24,2043.7860800000017,5.5074680381129,1.7077936122330986,29.5,0.152,0.021,0.0095,0.004
california,black,54488.706790507655,6712.681739032892,2.494174546876336,0.4425310416487048,24.78787878787879,0.152,0.021,0.0095,0.004
colorado,black,14272.16,1223.8377200000014,3.0958620869655618,1.0080965706046623,17.666666666666668,0.152,0.021,0.0095,0.004
connecticut,black,7665.3416253458245,761.076536707142,7.530114222888063,1.5850624242069442,18.4,0.152,0.021,0.0095,0.004
florida,black,157965.76,13545.563920000015,14.603116124837058,0.48895033783058345,26.5,0.152,0.021,0.0095,0.004
georgia,black,105115.4616302145,6019.523888086164,8.394070379725413,0.643853992356035,34.36363636363637,0.152,0.021,0.0095,0.004
idaho,black,1305.6000000000001,111.95519999999988,2.8246969056976874,1.3134345461504757,18.5,0.152,0.021,0.0095,0.004
illinois,black,67828.18105165228,7213.555670282515,3.077782143682389,0.6335156637882573,42.111111111111114,0.152,0.021,0.0095,0.004
indiana,black,17444.19065158153,1642.0170239830413,6.402586608509475,1.4603050061487217,17.8,0.152,0.021,0.0095,0.004
iowa,black,3017.7423190741365,716.0552838752793,3.283443042393354,0.4158930464722037,44.07142857142857,0.152,0.021,0.0095,0.004
kansas,black,5598.911333514593,464.8414517609115,-0.9269572611440776,1.2420225405971406,46,0.152,0.021,0.0095,0.004
kentucky,black,12012.787368035855,1580.1153921267307,4.03911989119097,0.5397091539639758,27.823529411764707,0.152,0.021,0.0095,0.004
louisiana,black,48602.17618635054,3636.9773802466107,10.90478106983647,0.894491663404189,31.7,0.152,0.021,0.0095,0.004
maine,black,1672.32,143.4014400000001,4.690142121423655,1.4355742837081207,22.333333333333332,0.152,0.021,0.0095,0.004
maryland,black,11638.262545846637,636.5098970531378,4.3197604984360645,1.8288996169773302,17.666666666666668,0.152,0.021,0.0095,0.004
maryland,black,56913.597984643784,2703.0969602666064,4.3197604984360645,1.8288996169773302,17.666666666666668,0.152,0.021,0.0095,0.004
massachusetts,black,10709.410514411227,2114.2479819922028,7.4387867604117215,1.0339974576719628,26.375,0.152,0.021,0.0095,0.004
michigan,black,48515.08607789134,3034.7595194555633,2.707859151784442,0.9364894444155839,19.555555555555557,0.152,0.021,0.0095,0.004
minnesota,black,7587,2928.5714285714284,-0.7041228825706584,0.4785995141040938,45.8,0.152,0.021,0.0095,0.004
mississippi,black,44055.86485343562,1864.3393664883422,8.811740792233623,0.8218515652930607,30.5,0.152,0.021,0.0095,0.004
missouri,black,23152.87497533859,2331.708758841511,4.381615478641194,1.0447475508989015,26.666666666666668,0.152,0.021,0.0095,0.004
montana,black,616.48,52.86315999999999,-1.3035954384973885,1.0421519238620696,21.5,0.152,0.021,0.0095,0.004
nevada,black,6640.601955813886,1879.387378013662,1.871937419137972,0.8917961588037685,14.833333333333334,0.152,0.021,0.0095,0.004
new hampshire,black,1495.2,128.2134000000001,2.237445716467837,2.541148106038089,13,0.152,0.021,0.0095,0.004
new jersey,black,40756.05009897692,2072.7944536322557,4.30348065040259,1.2391849341743608,23.4,0.152,0.021,0.0095,0.004
new mexico,black,3474.2400000000002,297.91607999999997,0.6665321870912665,0.5388803058273527,30,0.152,0.021,0.0095,0.004
new york,black,92368.1597955661,9036.981979092103,7.4138704827253585,0.9932147514156776,24.555555555555557,0.152,0.021,0.0095,0.004
north carolina,black,79504,16045.918367346942,4.840678002978285,0.5736152916373429,30.071428571428573,0.152,0.021,0.0095,0.004
north dakota,black,777.12,66.63804000000005,-0.718660945854715,0.7665008905414159,38,0.152,0.021,0.0095,0.004
ohio,black,40907.199306722105,3324.323721406869,4.487444605592271,0.6712301432237828,34.7,0.152,0.021,0.0095,0.004
oklahoma,black,12708.273435480294,1112.485986593579,1.5967475445049761,0.6832444024849943,38.5,0.152,0.021,0.0095,0.004
oregon,black,6278.4000000000005,538.3728000000001,-2.307054093695364,0.8829536735269498,66,0.152,0.021,0.0095,0.004
pennsylvania,black,53220.45902632081,3429.4477095190823,3.0428047621702374,1.4190406756386476,21,0.152,0.021,0.0095,0.004
rhode island,black,1016.9868780567657,150.4211590216122,9.441467473122215,3.131711620208615,11,0.152,0.021,0.0095,0.004
south carolina,black,61117.28,5240.806760000007,9.327528142653765,1.2439463381432188,23,0.152,0.021,0.0095,0.004
south dakota,black,1122.72,96.27323999999999,-0.2977262750285157,1.0226923324606185,27.333333333333332,0.152,0.021,0.0095,0.004
tennessee,black,32662.916245645232,4486.478344983714,4.68384975022509,2.4304900946000103,34,0.152,0.021,0.0095,0.004
texas,black,104037.43060005314,8351.179839288066,8.28196927028711,0.43850714056189105,39.774193548387096,0.152,0.021,0.0095,0.004
utah,black,1736.3990529116295,455.8309170644888,1.7515251966871814,0.46796759517952496,28.363636363636363,0.152,0.021,0.0095,0.004
vermont,black,529,436.734693877551,1.554207848288739,1.6832133021522477,23.5,0.152,0.021,0.0095,0.004
virginia,black,29576.134755379084,2963.580948376238,8.115727586591744,0.9121610391909646,19.571428571428573,0.152,0.021,0.0095,0.004
washington,black,3226.9920894261977,768.7320684186917,-1.4450958974156776,0.9305305755491331,40.8,0.152,0.021,0.0095,0.004
wisconsin,black,11394.281827488225,1197.815417605552,3.243078926509611,0.5635039627903868,35.5,0.152,0.021,0.0095,0.004
wyoming,black,482.56,41.379520000000014,-1.2179716558722333,1.3851694294986299,21,0.152,0.021,0.0095,0.004
alabama,female,57568.79767067699,4324.370993548694,6.168036540793379,0.855377499605896,32.42857142857143,0.093,0.011,0.0095,0.004
arkansas,female,28054.338,2114.8654800000004,5.5074680381129,1.7077936122330986,29.5,0.093,0.011,0.0095,0.004
california,female,289409.5631273897,14239.270446426312,2.494174546876336,0.4425310416487048,24.78787878787879,0.093,0.011,0.0095,0.004
colorado,female,49340.226,3719.4939599999925,3.0958620869655618,1.0080965706046623,17.666666666666668,0.093,0.011,0.0095,0.004
connecticut,female,35680.45854158085,1700.9225837760691,7.530114222888063,1.5850624242069442,18.4,0.093,0.011,0.0095,0.004
florida,female,158816.736,11972.338559999975,14.603116124837058,0.48895033783058345,26.5,0.093,0.011,0.0095,0.004
georgia,female,96577.26543742626,5326.129634158911,8.394070379725413,0.643853992356035,34.36363636363637,0.093,0.011,0.0095,0.004
idaho,female,8792.926826036659,800.5292689384398,2.8246969056976874,1.3134345461504757,18.5,0.093,0.011,0.0095,0.004
illinois,female,112855.94002936517,8163.589842630304,3.077782143682389,0.6335156637882573,42.111111111111114,0.093,0.011,0.0095,0.004
indiana,female,55377.307880055196,2663.8483260161447,6.402586608509475,1.4603050061487217,17.8,0.093,0.011,0.0095,0.004
iowa,female,17063.527492455873,1233.9423822308065,3.283443042393354,0.4158930464722037,44.07142857142857,0.093,0.011,0.0095,0.004
kansas,female,24936.128665322907,871.7811746568151,-0.9269572611440776,1.2420225405971406,46,0.093,0.011,0.0095,0.004
kentucky,female,40550.817023859054,2541.5933774838477,4.03911989119097,0.5397091539639758,27.823529411764707,0.093,0.011,0.0095,0.004
louisiana,female,39313.29417347001,3157.27150834745,10.90478106983647,0.894491663404189,31.7,0.093,0.011,0.0095,0.004
maine,female,9840.195161664367,621.6950369850003,4.690142121423655,1.4355742837081207,22.333333333333332,0.093,0.011,0.0095,0.004
maryland,female,6651.07293963763,493.6609462488967,4.3197604984360645,1.8288996169773302,17.666666666666668,0.093,0.011,0.0095,0.004
maryland,female,54409.332652024794,2416.873671784144,4.3197604984360645,1.8288996169773302,17.666666666666668,0.093,0.011,0.0095,0.004
massachusetts,female,54411.24158248332,4949.534902858682,7.4387867604117215,1.0339974576719628,26.375,0.093,0.011,0.0095,0.004
michigan,female,99354.58837693848,3852.0617624969877,2.707859151784442,0.9364894444155839,19.555555555555557,0.093,0.011,0.0095,0.004
minnesota,female,30402.482853955556,4200.343136451847,-0.7041228825706584,0.4785995141040938,45.8,0.093,0.011,0.0095,0.004
mississippi,female,29620.01026750057,1489.9684351088406,8.811740792233623,0.8218515652930607,30.5,0.093,0.011,0.0095,0.004
missouri,female,52130.34878044955,3525.1613963529817,4.381615478641194,1.0447475508989015,26.666666666666668,0.093,0.011,0.0095,0.004
montana,female,6253.456622415904,349.0940247584188,-1.3035954384973885,1.0421519238620696,21.5,0.093,0.011,0.0095,0.004
nevada,female,20498.789676759767,1910.092269507796,1.871937419137972,0.8917961588037685,14.833333333333334,0.093,0.011,0.0095,0.004
new hampshire,female,10430.406644109658,621.3934759645625,2.237445716467837,2.541148106038089,13,0.093,0.011,0.0095,0.004
new jersey,female,73517.07240433441,2648.5127138553603,4.30348065040259,1.2391849341743608,23.4,0.093,0.011,0.0095,0.004
new mexico,female,15864.318677721845,823.2476894759844,0.6665321870912665,0.5388803058273527,30,0.093,0.011,0.0095,0.004
new york,female,178160.6975678386,10881.30393676532,7.4138704827253585,0.9932147514156776,24.555555555555557,0.093,0.011,0.0095,0.004
north carolina,female,114612,18825,4.840678002978285,0.5736152916373429,30.071428571428573,0.093,0.011,0.0095,0.004
north dakota,female,3019.235240851057,354.63145500441556,-0.718660945854715,0.7665008905414159,38,0.093,0.011,0.0095,0.004
ohio,female,91815.77358713104,4617.024749668256,4.487444605592271,0.6712301432237828,34.7,0.093,0.011,0.0095,0.004
oklahoma,female,37403.426073884744,1722.8317545996345,1.5967475445049761,0.6832444024849943,38.5,0.093,0.011,0.0095,0.004
oregon,female,29809.964175606787,1704.946338422318,-2.307054093695364,0.8829536735269498,66,0.093,0.011,0.0095,0.004
pennsylvania,female,105191.153086856,4367.016843056365,3.0428047621702374,1.4190406756386476,21,0.093,0.011,0.0095,0.004
rhode island,female,10433.898178092672,589.419147733126,9.441467473122215,3.131711620208615,11,0.093,0.011,0.0095,0.004
south carolina,female,42842.826,3229.689959999996,9.327528142653765,1.2439463381432188,23,0.093,0.011,0.0095,0.004
south dakota,female,5041,918.8775510204082,-0.2977262750285157,1.0226923324606185,27.333333333333332,0.093,0.011,0.0095,0.004
tennessee,female,44803.05749279698,5013.793916383628,4.68384975022509,2.4304900946000103,34,0.093,0.011,0.0095,0.004
texas,female,226602.36547723983,11121.253437308125,8.28196927028711,0.43850714056189105,39.774193548387096,0.093,0.011,0.0095,0.004
utah,female,23360.0582657734,961.0755383595293,1.7515251966871814,0.46796759517952496,28.363636363636363,0.093,0.011,0.0095,0.004
vermont,female,4954.38883998288,237.76575947010753,1.554207848288739,1.6832133021522477,23.5,0.093,0.011,0.0095,0.004
virginia,female,58205.849957180006,4438.474724708439,8.115727586591744,0.9121610391909646,19.571428571428573,0.093,0.011,0.0095,0.004
washington,female,43174.99529388048,2173.9365922138527,-1.4450958974156776,0.9305305755491331,40.8,0.093,0.011,0.0095,0.004
wisconsin,female,41459.90310369142,2852.280916991296,3.243078926509611,0.5635039627903868,35.5,0.093,0.011,0.0095,0.004
wyoming,female,3273.880033606339,302.8921361477251,-1.2179716558722333,1.3851694294986299,21,0.093,0.011,0.0095,0.004
alabama,hispanic,8388,2966.326530612245,6.168036540793379,0.855377499605896,32.42857142857143,0.125,0.021,0.0095,0.004
arkansas,hispanic,5826.825,609.0974399999996,5.5074680381129,1.7077936122330986,29.5,0.125,0.021,0.0095,0.004
california,hispanic,286237.4113949804,14724.792120780636,2.494174546876336,0.4425310416487048,24.78787878787879,0.125,0.021,0.0095,0.004
colorado,hispanic,29552.55,3089.226559999999,3.0958620869655618,1.0080965706046623,17.666666666666668,0.125,0.021,0.0095,0.004
connecticut,hispanic,16169.219296820953,1176.8916764907133,7.530114222888063,1.5850624242069442,18.4,0.125,0.021,0.0095,0.004
florida,hispanic,85423.575,8929.611040000003,14.603116124837058,0.48895033783058345,26.5,0.125,0.021,0.0095,0.004
georgia,hispanic,15506.509224984138,2464.888214823651,8.394070379725413,0.643853992356035,34.36363636363637,0.125,0.021,0.0095,0.004
idaho,hispanic,3301.255062786484,549.7071002332257,2.8246969056976874,1.3134345461504757,18.5,0.125,0.021,0.0095,0.004
illinois,hispanic,45614.611039417716,6442.597146616429,3.077782143682389,0.6335156637882573,42.111111111111114,0.125,0.021,0.0095,0.004
indiana,hispanic,10326.609666521015,1573.7453666738575,6.402586608509475,1.4603050061487217,17.8,0.125,0.021,0.0095,0.004
iowa,hispanic,4108.697973628035,899.6499141902093,3.283443042393354,0.4158930464722037,44.07142857142857,0.125,0.021,0.0095,0.004
kansas,hispanic,7334.8340726587385,543.2745281803773,-0.9269572611440776,1.2420225405971406,46,0.125,0.021,0.0095,0.004
kentucky,hispanic,3734.689811365924,919.3991366057818,4.03911989119097,0.5397091539639758,27.823529411764707,0.125,0.021,0.0095,0.004
louisiana,hispanic,4115.994711245736,1307.5523568344338,10.90478106983647,0.894491663404189,31.7,0.125,0.021,0.0095,0.004
maine,hispanic,1622,794.3877551020408,4.690142121423655,1.4355742837081207,22.333333333333332,0.125,0.021,0.0095,0.004
maryland,hispanic,1641.9478174904896,418.18687309810525,4.3197604984360645,1.8288996169773302,17.666666666666668,0.125,0.021,0.0095,0.004
maryland,hispanic,12212.67763916796,1319.5264360273322,4.3197604984360645,1.8288996169773302,17.666666666666668,0.125,0.021,0.0095,0.004
massachusetts,hispanic,24821.34641143988,3091.9948924370774,7.4387867604117215,1.0339974576719628,26.375,0.125,0.021,0.0095,0.004
michigan,hispanic,16480.195626848224,1957.178586925468,2.707859151784442,0.9364894444155839,19.555555555555557,0.125,0.021,0.0095,0.004
minnesota,hispanic,8200.05,857.1785600000003,-0.7041228825706584,0.4785995141040938,45.8,0.125,0.021,0.0095,0.004
mississippi,hispanic,2943.6061626060095,604.4051449802328,8.811740792233623,0.8218515652930607,30.5,0.125,0.021,0.0095,0.004
missouri,hispanic,7849.384411277747,1936.7135524998325,4.381615478641194,1.0447475508989015,26.666666666666668,0.125,0.021,0.0095,0.004
montana,hispanic,1029.1678219390033,183.91107617336155,-1.3035954384973885,1.0421519238620696,21.5,0.125,0.021,0.0095,0.004
nevada,hispanic,12766.313713452777,1573.7265493663976,1.871937419137972,0.8917961588037685,14.833333333333334,0.125,0.021,0.0095,0.004
new hampshire,hispanic,1768.8258135580918,424.6357553697115,2.237445716467837,2.541148106038089,13,0.125,0.021,0.0095,0.004
new jersey,hispanic,48074.76052232812,2368.632283014812,4.30348065040259,1.2391849341743608,23.4,0.125,0.021,0.0095,0.004
new mexico,hispanic,23817.2465588474,1038.5064752863996,0.6665321870912665,0.5388803058273527,30,0.125,0.021,0.0095,0.004
new york,hispanic,102363.44342154071,9329.127286858864,7.4138704827253585,0.9932147514156776,24.555555555555557,0.125,0.021,0.0095,0.004
north carolina,hispanic,26322,7018.367346938776,4.840678002978285,0.5736152916373429,30.071428571428573,0.125,0.021,0.0095,0.004
north dakota,hispanic,446.325,46.65584000000001,-0.718660945854715,0.7665008905414159,38,0.125,0.021,0.0095,0.004
ohio,hispanic,10512.705823288685,1751.1120256875597,4.487444605592271,0.6712301432237828,34.7,0.125,0.021,0.0095,0.004
oklahoma,hispanic,8471.387086709597,826.1720623750397,1.5967475445049761,0.6832444024849943,38.5,0.125,0.021,0.0095,0.004
oregon,hispanic,9011.068794544353,1110.0135300858649,-2.307054093695364,0.8829536735269498,66,0.125,0.021,0.0095,0.004
pennsylvania,hispanic,32786.914220723054,3251.2241828538245,3.0428047621702374,1.4190406756386476,21,0.125,0.021,0.0095,0.004
rhode island,hispanic,4203.226747619838,385.8131462279123,9.441467473122215,3.131711620208615,11,0.125,0.021,0.0095,0.004
south carolina,hispanic,6402.2249999999995,669.2459200000003,9.327528142653765,1.2439463381432188,23,0.125,0.021,0.0095,0.004
south dakota,hispanic,760.35,79.48191999999995,-0.2977262750285157,1.0226923324606185,27.333333333333332,0.125,0.021,0.0095,0.004
tennessee,hispanic,8506.5,889.2127999999993,4.68384975022509,2.4304900946000103,34,0.125,0.021,0.0095,0.004
texas,hispanic,198772.05349022977,9719.949369535969,8.28196927028711,0.43850714056189105,39.774193548387096,0.125,0.021,0.0095,0.004
utah,hispanic,4908.721174996867,461.65565856647885,1.7515251966871814,0.46796759517952496,28.363636363636363,0.125,0.021,0.0095,0.004
vermont,hispanic,512.8333612270288,115.24875030326106,1.554207848288739,1.6832133021522477,23.5,0.125,0.021,0.0095,0.004
virginia,hispanic,12592.338479430386,4559.180061431904,8.115727586591744,0.9121610391909646,19.571428571428573,0.125,0.021,0.0095,0.004
washington,hispanic,16025.49498483447,1498.3089746330331,-1.4450958974156776,0.9305305755491331,40.8,0.125,0.021,0.0095,0.004
wisconsin,hispanic,8249.580027551896,3023.20050552137,3.243078926509611,0.5635039627903868,35.5,0.125,0.021,0.0095,0.004
wyoming,hispanic,630.2739746095473,136.46759571092755,-1.2179716558722333,1.3851694294986299,21,0.125,0.021,0.0095,0.004
alabama,male,71246.78062246373,4682.600311603664,6.168036540793379,0.855377499605896,32.42857142857143,0.118,0.013,0.0095,0.004
arkansas,male,41757.867,2212.0383599999986,5.5074680381129,1.7077936122330986,29.5,0.118,0.013,0.0095,0.004
california,male,375535.5551204728,15411.3066188421,2.494174546876336,0.4425310416487048,24.78787878787879,0.118,0.013,0.0095,0.004
colorado,male,73568.35800000001,3897.1346399999893,3.0958620869655618,1.0080965706046623,17.666666666666668,0.118,0.013,0.0095,0.004
connecticut,male,47594.21238024715,1964.1430662357607,7.530114222888063,1.5850624242069442,18.4,0.118,0.013,0.0095,0.004
florida,male,236345.085,12519.901799999992,14.603116124837058,0.48895033783058345,26.5,0.118,0.013,0.0095,0.004
georgia,male,142879.18131397726,6405.617904205718,8.394070379725413,0.643853992356035,34.36363636363637,0.118,0.013,0.0095,0.004
idaho,male,13696.785059105927,1023.800897404246,2.8246969056976874,1.3134345461504757,18.5,0.118,0.013,0.0095,0.004
illinois,male,158391.87602097378,9750.613860548745,3.077782143682389,0.6335156637882573,42.111111111111114,0.118,0.013,0.0095,0.004
indiana,male,74486.96012231304,3396.877186308801,6.402586608509475,1.4603050061487217,17.8,0.118,0.013,0.0095,0.004
iowa,male,22209.176036063567,1444.6942526365096,3.283443042393354,0.4158930464722037,44.07142857142857,0.118,0.013,0.0095,0.004
kansas,male,33697.66583258853,1092.0289721619927,-0.9269572611440776,1.2420225405971406,46,0.118,0.013,0.0095,0.004
kentucky,male,57991.22373047521,3205.5159473405324,4.03911989119097,0.5397091539639758,27.823529411764707,0.118,0.013,0.0095,0.004
louisiana,male,52141.96227503036,3428.1509356586143,10.90478106983647,0.894491663404189,31.7,0.118,0.013,0.0095,0.004
maine,male,14109.118309643969,745.2513719632069,4.690142121423655,1.4355742837081207,22.333333333333332,0.118,0.013,0.0095,0.004
maryland,male,8933.094361197074,552.0595094489256,4.3197604984360645,1.8288996169773302,17.666666666666668,0.118,0.013,0.0095,0.004
maryland,male,74649.0987694621,2722.1191868860633,4.3197604984360645,1.8288996169773302,17.666666666666668,0.118,0.013,0.0095,0.004
massachusetts,male,79923.09002976767,5809.676628437662,7.4387867604117215,1.0339974576719628,26.375,0.118,0.013,0.0095,0.004
michigan,male,128530.50028216644,4527.28012042727,2.707859151784442,0.9364894444155839,19.555555555555557,0.118,0.013,0.0095,0.004
minnesota,male,47944.164850724585,5720.868584801425,-0.7041228825706584,0.4785995141040938,45.8,0.118,0.013,0.0095,0.004
mississippi,male,43771.978075702136,1768.5798075036878,8.811740792233623,0.8218515652930607,30.5,0.118,0.013,0.0095,0.004
missouri,male,73263.53429674252,4191.682718221526,4.381615478641194,1.0447475508989015,26.666666666666668,0.118,0.013,0.0095,0.004
montana,male,8166.206966821751,402.30195962780425,-1.3035954384973885,1.0421519238620696,21.5,0.118,0.013,0.0095,0.004
nevada,male,23651.55732868857,1735.3812137141713,1.871937419137972,0.8917961588037685,14.833333333333334,0.118,0.013,0.0095,0.004
new hampshire,male,15277.710736577703,781.190702481325,2.237445716467837,2.541148106038089,13,0.118,0.013,0.0095,0.004
new jersey,male,105142.63009327032,3223.3818902567787,4.30348065040259,1.2391849341743608,23.4,0.118,0.013,0.0095,0.004
new mexico,male,24819.017658455887,1005.5319656516865,0.6665321870912665,0.5388803058273527,30,0.118,0.013,0.0095,0.004
new york,male,231170.89964104746,12209.785132016556,7.4138704827253585,0.9932147514156776,24.555555555555557,0.118,0.013,0.0095,0.004
north carolina,male,135337,20929.591836734693,4.840678002978285,0.5736152916373429,30.071428571428573,0.118,0.013,0.0095,0.004
north dakota,male,4569.298182879866,456.0603391095225,-0.718660945854715,0.7665008905414159,38,0.118,0.013,0.0095,0.004
ohio,male,120862.56881049859,5410.8630064352,4.487444605592271,0.6712301432237828,34.7,0.118,0.013,0.0095,0.004
oklahoma,male,50720.792907611496,2022.5357229975148,1.5967475445049761,0.6832444024849943,38.5,0.118,0.013,0.0095,0.004
oregon,male,35228.727603463965,1807.0496904922556,-2.307054093695364,0.8829536735269498,66,0.118,0.013,0.0095,0.004
pennsylvania,male,161730.66458171298,5663.493065585447,3.0428047621702374,1.4190406756386476,21,0.118,0.013,0.0095,0.004
rhode island,male,14290.114021044872,667.6141501518462,9.441467473122215,3.131711620208615,11,0.118,0.013,0.0095,0.004
south carolina,male,63275.439,3351.8881200000033,9.327528142653765,1.2439463381432188,23,0.118,0.013,0.0095,0.004
south dakota,male,5678.000000000001,820.9183673469388,-0.2977262750285157,1.0226923324606185,27.333333333333332,0.118,0.013,0.0095,0.004
tennessee,male,67314.40595893897,6879.886004939376,4.68384975022509,2.4304900946000103,34,0.118,0.013,0.0095,0.004
texas,male,315795.8935202939,12816.846458632237,8.28196927028711,0.43850714056189105,39.774193548387096,0.118,0.013,0.0095,0.004
utah,male,32826.83518465199,1099.402000989665,1.7515251966871814,0.46796759517952496,28.363636363636363,0.118,0.013,0.0095,0.004
vermont,male,6293.564912552318,271.711294593756,1.554207848288739,1.6832133021522477,23.5,0.118,0.013,0.0095,0.004
virginia,male,91618.9104556492,5983.62264043561,8.115727586591744,0.9121610391909646,19.571428571428573,0.118,0.013,0.0095,0.004
washington,male,57713.45507627876,2575.862062639113,-1.4450958974156776,0.9305305755491331,40.8,0.118,0.013,0.0095,0.004
wisconsin,male,58802.206019600475,3288.500696893908,3.243078926509611,0.5635039627903868,35.5,0.118,0.013,0.0095,0.004
wyoming,male,5168.439914972283,360.2704150901366,-1.2179716558722333,1.3851694294986299,21,0.118,0.013,0.0095,0.004
alabama,marginal,129218.76771550713,6234.296658050993,6.168036540793379,0.855377499605896,32.42857142857143,0.1067,0.0047,0.0095,0.004
arkansas,marginal,69907.46,2884.6025599999994,5.5074680381129,1.7077936122330986,29.5,0.1067,0.0047,0.0095,0.004
california,marginal,671986.4161760651,20890.44425128587,2.494174546876336,0.4425310416487048,24.78787878787879,0.1067,0.0047,0.0095,0.004
colorado,marginal,123057.775,5077.752400000012,3.0958620869655618,1.0080965706046623,17.666666666666668,0.1067,0.0047,0.0095,0.004
connecticut,marginal,84677.37260404431,2590.3335713722413,7.530114222888063,1.5850624242069442,18.4,0.1067,0.0047,0.0095,0.004
florida,marginal,395707.965,16328.160239999997,14.603116124837058,0.48895033783058345,26.5,0.1067,0.0047,0.0095,0.004
georgia,marginal,248135.14745203464,8370.768959485888,8.394070379725413,0.643853992356035,34.36363636363637,0.1067,0.0047,0.0095,0.004
idaho,marginal,23080.276468631677,1312.9084472983802,2.8246969056976874,1.3134345461504757,18.5,0.1067,0.0047,0.0095,0.004
illinois,marginal,273229.3055206418,12559.979965424463,3.077782143682389,0.6335156637882573,42.111111111111114,0.1067,0.0047,0.0095,0.004
indiana,marginal,132569.087090111,4345.635040413426,6.402586608509475,1.4603050061487217,17.8,0.1067,0.0047,0.0095,0.004
iowa,marginal,39871.75015555637,1891.6304309582003,3.283443042393354,0.4158930464722037,44.07142857142857,0.1067,0.0047,0.0095,0.004
kansas,marginal,59398.97315219292,1388.3273343695685,-0.9269572611440776,1.2420225405971406,46,0.1067,0.0047,0.0095,0.004
kentucky,marginal,99244.19237655136,4045.5068835411776,4.03911989119097,0.5397091539639758,27.823529411764707,0.1067,0.0047,0.0095,0.004
louisiana,marginal,92047.26841542013,4601.615490386994,10.90478106983647,0.894491663404189,31.7,0.1067,0.0047,0.0095,0.004
maine,marginal,24458.05562364132,964.9552474012246,4.690142121423655,1.4355742837081207,22.333333333333332,0.1067,0.0047,0.0095,0.004
maryland,marginal,15798.013534971855,730.185445510662,4.3197604984360645,1.8288996169773302,17.666666666666668,0.1067,0.0047,0.0095,0.004
maryland,marginal,131237.96659886342,3644.759273399605,4.3197604984360645,1.8288996169773302,17.666666666666668,0.1067,0.0047,0.0095,0.004
massachusetts,marginal,136353.91496287964,7529.038025019768,7.4387867604117215,1.0339974576719628,26.375,0.1067,0.0047,0.0095,0.004
michigan,marginal,229160.95266229438,5876.510505298942,2.707859151784442,0.9364894444155839,19.555555555555557,0.1067,0.0047,0.0095,0.004
minnesota,marginal,80342.45860200575,7120.39107560055,-0.7041228825706584,0.4785995141040938,45.8,0.1067,0.0047,0.0095,0.004
mississippi,marginal,74074.2878338705,2279.498221777358,8.811740792233623,0.8218515652930607,30.5,0.1067,0.0047,0.0095,0.004
missouri,marginal,131334.2639467264,5643.993486104522,4.381615478641194,1.0447475508989015,26.666666666666668,0.1067,0.0047,0.0095,0.004
montana,marginal,14629.653288402222,532.829407334002,-1.3035954384973885,1.0421519238620696,21.5,0.1067,0.0047,0.0095,0.004
nevada,marginal,44870.491763936494,2601.1712072985247,1.871937419137972,0.8917961588037685,14.833333333333334,0.1067,0.0047,0.0095,0.004
new hampshire,marginal,26518.26777850191,1007.1162697108535,2.237445716467837,2.541148106038089,13,0.1067,0.0047,0.0095,0.004
new jersey,marginal,182991.57549668002,4178.899218402226,4.30348065040259,1.2391849341743608,23.4,0.1067,0.0047,0.0095,0.004
new mexico,marginal,41115.3768828014,1291.9285037807906,0.6665321870912665,0.5388803058273527,30,0.1067,0.0047,0.0095,0.004
new york,marginal,419034.7329808959,16394.569707585924,7.4138704827253585,0.9932147514156776,24.555555555555557,0.1067,0.0047,0.0095,0.004
north carolina,marginal,250591,27750,4.840678002978285,0.5736152916373429,30.071428571428573,0.1067,0.0047,0.0095,0.004
north dakota,marginal,8211.154834251216,622.2082857455073,-0.718660945854715,0.7665008905414159,38,0.1067,0.0047,0.0095,0.004
ohio,marginal,215438.52600157782,7051.1268043224145,4.487444605592271,0.6712301432237828,34.7,0.1067,0.0047,0.0095,0.004
oklahoma,marginal,88802.08791400769,2615.6591263242517,1.5967475445049761,0.6832444024849943,38.5,0.1067,0.0047,0.0095,0.004
oregon,marginal,66502.69301241859,2489.9427577684196,-2.307054093695364,0.8829536735269498,66,0.1067,0.0047,0.0095,0.004
pennsylvania,marginal,271045.89493588504,7128.718612646203,3.0428047621702374,1.4190406756386476,21,0.1067,0.0047,0.0095,0.004
rhode island,marginal,25116.394078057365,882.8364264876949,9.441467473122215,3.131711620208615,11,0.1067,0.0047,0.0095,0.004
south carolina,marginal,106335.02,4387.718720000004,9.327528142653765,1.2439463381432188,23,0.1067,0.0047,0.0095,0.004
south dakota,marginal,10719,1217.3469387755101,-0.2977262750285157,1.0226923324606185,27.333333333333332,0.1067,0.0047,0.0095,0.004
tennessee,marginal,116053.64991984564,8798.851983257571,4.68384975022509,2.4304900946000103,34,0.1067,0.0047,0.0095,0.004
texas,marginal,548901.1415288933,16874.22085752235,8.28196927028711,0.43850714056189105,39.774193548387096,0.1067,0.0047,0.0095,0.004
utah,marginal,56836.416698567475,1453.8993217297866,1.7515251966871814,0.46796759517952496,28.363636363636363,0.1067,0.0047,0.0095,0.004
vermont,marginal,11422.305327049105,359.0227801591249,1.554207848288739,1.6832133021522477,23.5,0.1067,0.0047,0.0095,0.004
virginia,marginal,153984.97162686108,7455.582227500713,8.115727586591744,0.9121610391909646,19.571428571428573,0.1067,0.0047,0.0095,0.004
washington,marginal,102209.78072139033,3356.5912796339667,-1.4450958974156776,0.9305305755491331,40.8,0.1067,0.0047,0.0095,0.004
wisconsin,marginal,101754.19198139745,4353.984366481898,3.243078926509611,0.5635039627903868,35.5,0.1067,0.0047,0.0095,0.004
wyoming,marginal,8494.712012737353,465.10797299122225,-1.2179716558722333,1.3851694294986299,21,0.1067,0.0047,0.0095,0.004
alabama,white,57454.95529606442,4084.626052100083,6.168036540793379,0.855377499605896,32.42857142857143,0.094,0.01,0.0095,0.004
arkansas,white,45443.088,3258.6019199999937,5.5074680381129,1.7077936122330986,29.5,0.094,0.01,0.0095,0.004
california,white,211383.6038127451,9484.801122033847,2.494174546876336,0.4425310416487048,24.78787878787879,0.094,0.01,0.0095,0.004
colorado,white,90056.254,6457.692360000001,3.0958620869655618,1.0080965706046623,17.666666666666668,0.094,0.01,0.0095,0.004
connecticut,white,47864.863711039514,1895.5722517681502,7.530114222888063,1.5850624242069442,18.4,0.094,0.01,0.0095,0.004
florida,white,243132.05000000002,17434.34699999998,14.603116124837058,0.48895033783058345,26.5,0.094,0.01,0.0095,0.004
georgia,white,99366.36454689453,4382.478533328889,8.394070379725413,0.643853992356035,34.36363636363637,0.094,0.01,0.0095,0.004
idaho,white,17680.04590205837,1137.9930834042423,2.8246969056976874,1.3134345461504757,18.5,0.094,0.01,0.0095,0.004
illinois,white,130169.13290926926,6998.244338836779,3.077782143682389,0.6335156637882573,42.111111111111114,0.094,0.01,0.0095,0.004
indiana,white,91113.40548549971,3380.2883142043393,6.402586608509475,1.4603050061487217,17.8,0.094,0.01,0.0095,0.004
iowa,white,33006.77834559052,1726.877330625055,3.283443042393354,0.4158930464722037,44.07142857142857,0.094,0.01,0.0095,0.004
kansas,white,40829.740660719435,1096.9523861388388,-0.9269572611440776,1.2420225405971406,46,0.094,0.01,0.0095,0.004
kentucky,white,74284.44822762326,3241.9388590611065,4.03911989119097,0.5397091539639758,27.823529411764707,0.094,0.01,0.0095,0.004
louisiana,white,34753.3029033047,2505.76873753399,10.90478106983647,0.894491663404189,31.7,0.094,0.01,0.0095,0.004
maine,white,21088.055455494294,876.9126701894857,4.690142121423655,1.4355742837081207,22.333333333333332,0.094,0.01,0.0095,0.004
maryland,white,1004.9378102002739,109.97667068936614,4.3197604984360645,1.8288996169773302,17.666666666666668,0.094,0.01,0.0095,0.004
maryland,white,46007.028994203276,1722.182109116092,4.3197604984360645,1.8288996169773302,17.666666666666668,0.094,0.01,0.0095,0.004
massachusetts,white,80985.86522082964,5471.7352202760385,7.4387867604117215,1.0339974576719628,26.375,0.094,0.01,0.0095,0.004
michigan,white,133535.0955963997,3929.8508034275574,2.707859151784442,0.9364894444155839,19.555555555555557,0.094,0.01,0.0095,0.004
minnesota,white,65393.4704933564,6452.274057956438,-0.7041228825706584,0.4785995141040938,45.8,0.094,0.01,0.0095,0.004
mississippi,white,24483.55499496778,1196.1092586624604,8.811740792233623,0.8218515652930607,30.5,0.094,0.01,0.0095,0.004
missouri,white,85216.38037466291,4520.190921153852,4.381615478641194,1.0447475508989015,26.666666666666668,0.094,0.01,0.0095,0.004
montana,white,11068.903756834578,457.6418729990222,-1.3035954384973885,1.0421519238620696,21.5,0.094,0.01,0.0095,0.004
nevada,white,17518.017940660175,1246.7508255632424,1.871937419137972,0.8917961588037685,14.833333333333334,0.094,0.01,0.0095,0.004
new hampshire,white,15653.671818509692,729.2600561346458,2.237445716467837,2.541148106038089,13,0.094,0.01,0.0095,0.004
new jersey,white,73545.32507962949,2376.431681935901,4.30348065040259,1.2391849341743608,23.4,0.094,0.01,0.0095,0.004
new mexico,white,11157.734304050558,621.0926217745287,0.6665321870912665,0.5388803058273527,30,0.094,0.01,0.0095,0.004
new york,white,160273.5017609753,7578.119132186056,7.4138704827253585,0.9932147514156776,24.555555555555557,0.094,0.01,0.0095,0.004
north carolina,white,123463,21018.367346938776,4.840678002978285,0.5736152916373429,30.071428571428573,0.094,0.01,0.0095,0.004
north dakota,white,6752.538916503059,545.9689421819662,-0.718660945854715,0.7665008905414159,38,0.094,0.01,0.0095,0.004
ohio,white,145759.7397553114,5580.364373228907,4.487444605592271,0.6712301432237828,34.7,0.094,0.01,0.0095,0.004
oklahoma,white,44073.84541919867,1737.5372396153375,1.5967475445049761,0.6832444024849943,38.5,0.094,0.01,0.0095,0.004
oregon,white,45555.32569932822,1974.8845752461532,-2.307054093695364,0.8829536735269498,66,0.094,0.01,0.0095,0.004
pennsylvania,white,148095.08493234636,4426.792333578646,3.0428047621702374,1.4190406756386476,21,0.094,0.01,0.0095,0.004
rhode island,white,15821.214973995506,669.0273444931938,9.441467473122215,3.131711620208615,11,0.094,0.01,0.0095,0.004
south carolina,white,57321.69,4110.384599999998,9.327528142653765,1.2439463381432188,23,0.094,0.01,0.0095,0.004
south dakota,white,8490,1121.4285714285716,-0.2977262750285157,1.0226923324606185,27.333333333333332,0.094,0.01,0.0095,0.004
tennessee,white,64850.11525809719,5768.191354819414,4.68384975022509,2.4304900946000103,34,0.094,0.01,0.0095,0.004
texas,white,186071.80020294612,8719.429021726863,8.28196927028711,0.43850714056189105,39.774193548387096,0.094,0.01,0.0095,0.004
utah,white,43709.00095745529,1205.9950251745322,1.7515251966871814,0.46796759517952496,28.363636363636363,0.094,0.01,0.0095,0.004
vermont,white,10302.457833703382,337.62876473099703,1.554207848288739,1.6832133021522477,23.5,0.094,0.01,0.0095,0.004
virginia,white,99251.66567753785,6244.037223687332,8.115727586591744,0.9121610391909646,19.571428571428573,0.094,0.01,0.0095,0.004
washington,white,61284.56059518008,2363.57279829421,-1.4450958974156776,0.9305305755491331,40.8,0.094,0.01,0.0095,0.004
wisconsin,white,69837.3516646033,3489.786790659414,3.243078926509611,0.5635039627903868,35.5,0.094,0.01,0.0095,0.004
wyoming,white,6858.581399434032,416.954840427405,-1.2179716558722333,1.3851694294986299,21,0.094,0.01,0.0095,0.004
arkansas,NA,NA,NA,5.5074680381129,1.7077936122330986,29.5,NA,NA,0.0095,0.004
colorado,NA,NA,NA,3.0958620869655618,1.0080965706046623,17.666666666666668,NA,NA,0.0095,0.004
florida,NA,NA,NA,14.603116124837058,0.48895033783058345,26.5,NA,NA,0.0095,0.004
south carolina,NA,NA,NA,9.327528142653765,1.2439463381432188,23,NA,NA,0.0095,0.004
